,Date,Time,Waiting Time
0,02/29/2016,2016-02-29 09:07:06,0.0
1,02/29/2016,2016-02-29 09:14:25,0.0
2,02/29/2016,2016-02-29 09:21:21,0.0
3,02/29/2016,2016-02-29 09:27:07,0.0
4,02/29/2016,2016-02-29 09:35:31,0.0
5,02/29/2016,2016-02-29 09:42:06,0.0
6,02/29/2016,2016-02-29 09:49:09,0.0
7,02/29/2016,2016-02-29 09:56:14,0.0
8,02/29/2016,2016-02-29 10:07:05,0.0
9,02/29/2016,2016-02-29 10:14:19,0.0
10,02/29/2016,2016-02-29 10:21:18,0.0
11,02/29/2016,2016-02-29 10:27:04,0.0
12,02/29/2016,2016-02-29 10:42:56,0.0
13,02/29/2016,2016-02-29 10:49:11,0.0
14,02/29/2016,2016-02-29 10:56:12,0.0
15,02/29/2016,2016-02-29 11:07:11,0.0
16,02/29/2016,2016-02-29 11:21:09,0.0
17,02/29/2016,2016-02-29 11:35:14,0.0
18,02/29/2016,2016-02-29 11:42:13,0.0
19,02/29/2016,2016-02-29 11:49:08,0.0
20,02/29/2016,2016-02-29 11:56:11,0.0
21,02/29/2016,2016-02-29 12:07:08,0.0
22,02/29/2016,2016-02-29 12:14:08,0.0
23,02/29/2016,2016-02-29 12:21:08,0.0
24,02/29/2016,2016-02-29 12:27:13,0.0
25,02/29/2016,2016-02-29 12:35:11,0.0
26,02/29/2016,2016-02-29 12:42:11,0.0
27,02/29/2016,2016-02-29 12:49:04,0.0
28,02/29/2016,2016-02-29 12:56:07,0.0
29,02/29/2016,2016-02-29 13:07:08,0.0
30,02/29/2016,2016-02-29 13:14:14,0.0
31,02/29/2016,2016-02-29 13:21:11,0.0
32,02/29/2016,2016-02-29 13:27:11,0.0
33,02/29/2016,2016-02-29 13:35:11,0.0
34,02/29/2016,2016-02-29 13:42:09,0.0
35,02/29/2016,2016-02-29 13:49:16,0.0
36,02/29/2016,2016-02-29 13:56:16,0.0
37,02/29/2016,2016-02-29 14:07:08,0.0
38,02/29/2016,2016-02-29 14:14:12,0.0
39,02/29/2016,2016-02-29 14:21:09,0.0
40,02/29/2016,2016-02-29 14:27:29,0.0
41,02/29/2016,2016-02-29 14:35:06,0.0
42,02/29/2016,2016-02-29 14:42:12,0.0
43,02/29/2016,2016-02-29 14:49:08,0.0
44,02/29/2016,2016-02-29 14:56:19,0.0
45,02/29/2016,2016-02-29 15:07:18,0.0
46,02/29/2016,2016-02-29 15:14:09,0.0
47,02/29/2016,2016-02-29 15:21:41,0.0
48,02/29/2016,2016-02-29 15:35:09,0.0
49,02/29/2016,2016-02-29 15:42:12,0.0
50,02/29/2016,2016-02-29 15:49:09,0.0
51,02/29/2016,2016-02-29 15:56:25,0.0
52,02/29/2016,2016-02-29 16:07:10,0.0
53,02/29/2016,2016-02-29 16:14:09,0.0
54,02/29/2016,2016-02-29 16:21:13,0.0
55,02/29/2016,2016-02-29 16:27:12,0.0
56,02/29/2016,2016-02-29 16:35:08,0.0
57,02/29/2016,2016-02-29 16:42:09,0.0
58,02/29/2016,2016-02-29 16:49:14,0.0
59,02/29/2016,2016-02-29 16:56:06,0.0
60,02/29/2016,2016-02-29 17:07:11,0.0
61,02/29/2016,2016-02-29 17:14:05,0.0
62,02/29/2016,2016-02-29 17:21:12,0.0
63,02/29/2016,2016-02-29 17:27:04,0.0
64,02/29/2016,2016-02-29 17:35:34,0.0
65,02/29/2016,2016-02-29 17:49:08,0.0
66,02/29/2016,2016-02-29 17:56:23,0.0
67,02/29/2016,2016-02-29 18:07:07,0.0
68,02/29/2016,2016-02-29 18:14:10,0.0
69,02/29/2016,2016-02-29 18:21:10,0.0
70,02/29/2016,2016-02-29 18:27:04,0.0
71,02/29/2016,2016-02-29 18:35:17,0.0
72,02/29/2016,2016-02-29 18:42:08,0.0
73,02/29/2016,2016-02-29 18:49:09,0.0
74,02/29/2016,2016-02-29 18:56:08,0.0
75,02/29/2016,2016-02-29 19:00:14,0.0
76,02/29/2016,2016-02-29 19:07:04,0.0
77,02/29/2016,2016-02-29 19:14:08,0.0
78,02/29/2016,2016-02-29 19:21:05,0.0
79,02/29/2016,2016-02-29 19:27:09,0.0
80,02/29/2016,2016-02-29 19:35:12,0.0
81,02/29/2016,2016-02-29 19:42:07,0.0
82,02/29/2016,2016-02-29 19:49:06,0.0
83,02/29/2016,2016-02-29 19:56:11,0.0
84,02/29/2016,2016-02-29 20:07:15,0.0
85,02/29/2016,2016-02-29 20:14:09,0.0
86,02/29/2016,2016-02-29 20:21:13,0.0
87,02/29/2016,2016-02-29 20:27:08,0.0
88,02/29/2016,2016-02-29 20:35:10,0.0
89,02/29/2016,2016-02-29 20:42:10,0.0
90,02/29/2016,2016-02-29 20:49:06,0.0
91,02/29/2016,2016-02-29 20:56:09,0.0
92,02/29/2016,2016-02-29 21:07:10,0.0
93,02/29/2016,2016-02-29 21:14:06,0.0
94,02/29/2016,2016-02-29 21:21:10,0.0
95,02/29/2016,2016-02-29 21:35:16,0.0
96,02/29/2016,2016-02-29 21:42:07,0.0
97,02/29/2016,2016-02-29 21:49:12,0.0
98,02/29/2016,2016-02-29 21:56:07,0.0
99,03/28/2016,2016-03-28 09:00:18,0.0
100,03/28/2016,2016-03-28 09:07:15,0.0
101,03/28/2016,2016-03-28 09:14:22,0.0
102,03/28/2016,2016-03-28 09:21:10,0.0
103,03/28/2016,2016-03-28 09:27:14,0.0
104,03/28/2016,2016-03-28 09:35:10,0.0
105,03/28/2016,2016-03-28 09:42:12,0.0
106,03/28/2016,2016-03-28 09:49:09,0.0
107,03/28/2016,2016-03-28 10:00:27,0.0
108,03/28/2016,2016-03-28 10:07:06,0.0
109,03/28/2016,2016-03-28 10:14:12,0.0
110,03/28/2016,2016-03-28 10:21:04,0.0
111,03/28/2016,2016-03-28 10:27:05,0.0
112,03/28/2016,2016-03-28 10:35:08,0.0
113,03/28/2016,2016-03-28 10:42:05,0.0
114,03/28/2016,2016-03-28 10:49:11,0.0
115,03/28/2016,2016-03-28 10:56:08,0.0
116,03/28/2016,2016-03-28 11:07:05,0.0
117,03/28/2016,2016-03-28 11:14:11,0.0
118,03/28/2016,2016-03-28 11:21:11,0.0
119,03/28/2016,2016-03-28 11:27:10,0.0
120,03/28/2016,2016-03-28 11:42:06,0.0
121,03/28/2016,2016-03-28 11:49:13,0.0
122,03/28/2016,2016-03-28 11:56:10,0.0
123,03/28/2016,2016-03-28 12:00:09,0.0
124,03/28/2016,2016-03-28 12:07:12,0.0
125,03/28/2016,2016-03-28 12:14:34,0.0
126,03/28/2016,2016-03-28 12:21:14,0.0
127,03/28/2016,2016-03-28 12:27:46,0.0
128,03/28/2016,2016-03-28 12:42:11,0.0
129,03/28/2016,2016-03-28 12:49:16,0.0
130,03/28/2016,2016-03-28 12:56:06,0.0
131,03/28/2016,2016-03-28 13:07:48,0.0
132,03/28/2016,2016-03-28 13:21:11,0.0
133,03/28/2016,2016-03-28 13:27:10,0.0
134,03/28/2016,2016-03-28 13:35:37,0.0
135,03/28/2016,2016-03-28 13:42:07,0.0
136,03/28/2016,2016-03-28 13:49:10,0.0
137,03/28/2016,2016-03-28 13:56:12,0.0
138,03/28/2016,2016-03-28 14:07:07,0.0
139,03/28/2016,2016-03-28 14:15:00,0.0
140,03/28/2016,2016-03-28 14:21:12,0.0
141,03/28/2016,2016-03-28 14:27:06,0.0
142,03/28/2016,2016-03-28 14:35:12,0.0
143,03/28/2016,2016-03-28 14:42:47,0.0
144,03/28/2016,2016-03-28 14:49:11,0.0
145,03/28/2016,2016-03-28 14:56:09,0.0
146,03/28/2016,2016-03-28 15:07:07,0.0
147,03/28/2016,2016-03-28 15:14:15,0.0
148,03/28/2016,2016-03-28 15:21:14,0.0
149,03/28/2016,2016-03-28 15:35:36,0.0
150,03/28/2016,2016-03-28 15:42:10,0.0
151,03/28/2016,2016-03-28 15:49:49,0.0
152,03/28/2016,2016-03-28 16:00:14,0.0
153,03/28/2016,2016-03-28 16:07:09,0.0
154,03/28/2016,2016-03-28 16:14:10,0.0
155,03/28/2016,2016-03-28 16:21:26,0.0
156,03/28/2016,2016-03-28 16:27:34,0.0
157,03/28/2016,2016-03-28 16:35:28,0.0
158,03/28/2016,2016-03-28 16:42:10,0.0
159,03/28/2016,2016-03-28 16:49:09,0.0
160,03/28/2016,2016-03-28 16:56:05,0.0
161,03/28/2016,2016-03-28 17:07:30,0.0
162,03/28/2016,2016-03-28 17:14:08,0.0
163,03/28/2016,2016-03-28 17:21:09,0.0
164,03/28/2016,2016-03-28 17:27:12,0.0
165,03/28/2016,2016-03-28 17:35:13,0.0
166,03/28/2016,2016-03-28 17:42:37,0.0
167,03/28/2016,2016-03-28 17:49:06,0.0
168,03/28/2016,2016-03-28 17:56:13,0.0
169,03/28/2016,2016-03-28 18:00:15,0.0
170,03/28/2016,2016-03-28 18:07:09,0.0
171,03/28/2016,2016-03-28 18:14:10,0.0
172,03/28/2016,2016-03-28 18:21:10,0.0
173,03/28/2016,2016-03-28 18:27:10,0.0
174,03/28/2016,2016-03-28 18:35:07,0.0
175,03/28/2016,2016-03-28 18:42:07,0.0
176,03/28/2016,2016-03-28 18:49:18,0.0
177,03/28/2016,2016-03-28 18:56:04,0.0
178,03/28/2016,2016-03-28 19:07:16,0.0
179,03/28/2016,2016-03-28 19:14:09,0.0
180,03/28/2016,2016-03-28 19:27:09,0.0
181,03/28/2016,2016-03-28 19:35:11,0.0
182,03/28/2016,2016-03-28 19:42:14,0.0
183,03/28/2016,2016-03-28 19:49:10,0.0
184,03/28/2016,2016-03-28 19:56:05,0.0
185,03/28/2016,2016-03-28 20:00:11,0.0
186,03/28/2016,2016-03-28 20:07:06,0.0
187,03/28/2016,2016-03-28 20:14:08,0.0
188,03/28/2016,2016-03-28 20:21:05,0.0
189,03/28/2016,2016-03-28 20:27:14,0.0
190,03/28/2016,2016-03-28 20:35:08,0.0
191,03/28/2016,2016-03-28 20:42:09,0.0
192,04/03/2016,2016-04-03 09:07:14,0.0
193,04/03/2016,2016-04-03 09:14:30,0.0
194,04/03/2016,2016-04-03 09:21:10,0.0
195,04/03/2016,2016-04-03 09:27:11,0.0
196,04/03/2016,2016-04-03 09:35:12,0.0
197,04/03/2016,2016-04-03 09:42:51,0.0
198,04/03/2016,2016-04-03 09:49:10,0.0
199,04/03/2016,2016-04-03 10:07:09,0.0
200,04/03/2016,2016-04-03 10:14:07,0.0
201,04/03/2016,2016-04-03 10:21:07,0.0
202,04/03/2016,2016-04-03 10:27:06,0.0
203,04/03/2016,2016-04-03 10:35:07,0.0
204,04/03/2016,2016-04-03 10:42:08,0.0
205,04/03/2016,2016-04-03 10:56:10,0.0
206,04/03/2016,2016-04-03 11:00:18,0.0
207,04/03/2016,2016-04-03 11:07:12,0.0
208,04/03/2016,2016-04-03 11:14:13,0.0
209,04/03/2016,2016-04-03 11:21:07,0.0
210,04/03/2016,2016-04-03 11:27:19,0.0
211,04/03/2016,2016-04-03 11:35:08,0.0
212,04/03/2016,2016-04-03 11:42:08,0.0
213,04/03/2016,2016-04-03 11:49:07,0.0
214,04/03/2016,2016-04-03 12:00:22,0.0
215,04/03/2016,2016-04-03 12:07:08,0.0
216,04/03/2016,2016-04-03 12:14:39,0.0
217,04/03/2016,2016-04-03 12:21:13,0.0
218,04/03/2016,2016-04-03 12:27:11,0.0
219,04/03/2016,2016-04-03 12:42:16,0.0
220,04/03/2016,2016-04-03 12:49:10,0.0
221,04/03/2016,2016-04-03 13:00:19,0.0
222,04/03/2016,2016-04-03 13:07:11,0.0
223,04/03/2016,2016-04-03 13:14:07,0.0
224,04/03/2016,2016-04-03 13:21:25,0.0
225,04/03/2016,2016-04-03 13:27:11,0.0
226,04/03/2016,2016-04-03 13:35:09,0.0
227,04/03/2016,2016-04-03 13:42:11,0.0
228,04/03/2016,2016-04-03 13:49:14,0.0
229,04/03/2016,2016-04-03 13:56:27,0.0
230,04/03/2016,2016-04-03 14:07:15,0.0
231,04/03/2016,2016-04-03 14:14:41,0.0
232,04/03/2016,2016-04-03 14:21:12,0.0
233,04/03/2016,2016-04-03 14:27:12,0.0
234,04/03/2016,2016-04-03 14:35:07,0.0
235,04/03/2016,2016-04-03 14:42:11,0.0
236,04/03/2016,2016-04-03 14:49:04,0.0
237,04/03/2016,2016-04-03 14:56:08,0.0
238,04/03/2016,2016-04-03 15:07:09,0.0
239,04/03/2016,2016-04-03 15:14:10,0.0
240,04/03/2016,2016-04-03 15:21:13,0.0
241,04/03/2016,2016-04-03 15:27:19,0.0
242,04/03/2016,2016-04-03 15:35:08,0.0
243,04/03/2016,2016-04-03 15:49:08,0.0
244,04/03/2016,2016-04-03 15:56:18,0.0
245,04/03/2016,2016-04-03 16:00:16,0.0
246,04/03/2016,2016-04-03 16:07:10,0.0
247,04/03/2016,2016-04-03 16:14:13,0.0
248,04/03/2016,2016-04-03 16:21:12,0.0
249,04/03/2016,2016-04-03 16:27:13,0.0
250,04/03/2016,2016-04-03 16:35:12,0.0
251,04/03/2016,2016-04-03 16:49:10,0.0
252,04/03/2016,2016-04-03 16:56:11,0.0
253,04/03/2016,2016-04-03 17:07:11,0.0
254,04/03/2016,2016-04-03 17:14:09,0.0
255,04/03/2016,2016-04-03 17:21:31,0.0
256,04/03/2016,2016-04-03 17:27:11,0.0
257,04/03/2016,2016-04-03 17:42:10,0.0
258,04/03/2016,2016-04-03 17:49:11,0.0
259,04/03/2016,2016-04-03 17:56:11,0.0
260,04/03/2016,2016-04-03 18:07:04,0.0
261,04/03/2016,2016-04-03 18:14:05,0.0
262,04/03/2016,2016-04-03 18:21:05,0.0
263,04/03/2016,2016-04-03 18:27:07,0.0
264,04/03/2016,2016-04-03 18:35:06,0.0
265,04/03/2016,2016-04-03 18:42:07,0.0
266,04/03/2016,2016-04-03 18:49:11,0.0
267,04/03/2016,2016-04-03 18:56:16,0.0
268,04/03/2016,2016-04-03 19:07:08,0.0
269,04/03/2016,2016-04-03 19:14:11,0.0
270,04/03/2016,2016-04-03 19:21:12,0.0
271,04/03/2016,2016-04-03 19:35:11,0.0
272,04/03/2016,2016-04-03 19:42:10,0.0
273,04/03/2016,2016-04-03 19:49:08,0.0
274,04/03/2016,2016-04-03 19:56:07,0.0
275,04/03/2016,2016-04-03 20:00:10,0.0
276,04/03/2016,2016-04-03 20:07:09,0.0
277,04/03/2016,2016-04-03 20:14:11,0.0
278,04/03/2016,2016-04-03 20:21:07,0.0
279,04/03/2016,2016-04-03 20:27:11,0.0
280,04/03/2016,2016-04-03 20:35:08,0.0
281,04/03/2016,2016-04-03 20:42:20,0.0
282,04/03/2016,2016-04-03 20:49:11,0.0
283,04/03/2016,2016-04-03 20:56:09,0.0
284,04/04/2016,2016-04-04 09:14:10,0.0
285,04/04/2016,2016-04-04 09:21:10,0.0
286,04/04/2016,2016-04-04 09:27:20,0.0
287,04/04/2016,2016-04-04 09:35:12,0.0
288,04/04/2016,2016-04-04 09:42:13,0.0
289,04/04/2016,2016-04-04 09:49:07,0.0
290,04/04/2016,2016-04-04 09:56:13,0.0
291,04/04/2016,2016-04-04 10:00:10,0.0
292,04/04/2016,2016-04-04 10:07:10,0.0
293,04/04/2016,2016-04-04 10:14:09,0.0
294,04/04/2016,2016-04-04 10:21:12,0.0
295,04/04/2016,2016-04-04 10:27:16,0.0
296,04/04/2016,2016-04-04 10:35:10,0.0
297,04/04/2016,2016-04-04 10:42:13,0.0
298,04/04/2016,2016-04-04 10:49:13,0.0
299,04/04/2016,2016-04-04 10:56:10,0.0
300,04/04/2016,2016-04-04 11:07:59,0.0
301,04/04/2016,2016-04-04 11:14:13,0.0
302,04/04/2016,2016-04-04 11:21:07,0.0
303,04/04/2016,2016-04-04 11:27:06,0.0
304,04/04/2016,2016-04-04 11:35:07,0.0
305,04/04/2016,2016-04-04 11:42:11,0.0
306,04/04/2016,2016-04-04 11:56:11,0.0
307,04/04/2016,2016-04-04 12:07:14,0.0
308,04/04/2016,2016-04-04 12:21:11,0.0
309,04/04/2016,2016-04-04 12:27:08,0.0
310,04/04/2016,2016-04-04 12:42:10,0.0
311,04/04/2016,2016-04-04 12:49:11,0.0
312,04/04/2016,2016-04-04 12:56:11,0.0
313,04/04/2016,2016-04-04 13:00:12,0.0
314,04/04/2016,2016-04-04 13:07:10,0.0
315,04/04/2016,2016-04-04 13:14:05,0.0
316,04/04/2016,2016-04-04 13:21:10,0.0
317,04/04/2016,2016-04-04 13:27:04,0.0
318,04/04/2016,2016-04-04 13:35:06,0.0
319,04/04/2016,2016-04-04 13:42:07,0.0
320,04/04/2016,2016-04-04 13:49:06,0.0
321,04/04/2016,2016-04-04 13:56:32,0.0
322,04/04/2016,2016-04-04 14:07:05,0.0
323,04/04/2016,2016-04-04 14:21:10,0.0
324,04/04/2016,2016-04-04 14:27:09,0.0
325,04/04/2016,2016-04-04 14:35:09,0.0
326,04/04/2016,2016-04-04 14:42:07,0.0
327,04/04/2016,2016-04-04 14:49:07,0.0
328,04/04/2016,2016-04-04 14:56:10,0.0
329,04/04/2016,2016-04-04 15:07:11,0.0
330,04/04/2016,2016-04-04 15:14:20,0.0
331,04/04/2016,2016-04-04 15:21:09,0.0
332,04/04/2016,2016-04-04 15:27:46,0.0
333,04/04/2016,2016-04-04 15:35:21,0.0
334,04/04/2016,2016-04-04 15:42:15,0.0
335,04/04/2016,2016-04-04 15:49:10,0.0
336,04/04/2016,2016-04-04 15:56:08,0.0
337,04/04/2016,2016-04-04 16:07:12,0.0
338,04/04/2016,2016-04-04 16:14:08,0.0
339,04/04/2016,2016-04-04 16:21:24,0.0
340,04/04/2016,2016-04-04 16:27:11,0.0
341,04/04/2016,2016-04-04 16:35:11,0.0
342,04/04/2016,2016-04-04 16:42:12,0.0
343,04/04/2016,2016-04-04 16:49:04,0.0
344,04/04/2016,2016-04-04 16:56:09,0.0
345,04/04/2016,2016-04-04 17:07:14,0.0
346,04/04/2016,2016-04-04 17:14:13,0.0
347,04/04/2016,2016-04-04 17:21:08,0.0
348,04/04/2016,2016-04-04 17:27:11,0.0
349,04/04/2016,2016-04-04 17:35:13,0.0
350,04/04/2016,2016-04-04 18:07:10,0.0
351,04/04/2016,2016-04-04 18:14:08,0.0
352,04/04/2016,2016-04-04 18:21:13,0.0
353,04/04/2016,2016-04-04 18:27:08,0.0
354,04/04/2016,2016-04-04 18:35:22,0.0
355,04/04/2016,2016-04-04 18:42:12,0.0
356,04/04/2016,2016-04-04 18:49:10,0.0
357,04/04/2016,2016-04-04 18:56:15,0.0
358,04/04/2016,2016-04-04 19:07:04,0.0
359,04/04/2016,2016-04-04 19:21:11,0.0
360,04/04/2016,2016-04-04 19:27:19,0.0
361,04/04/2016,2016-04-04 19:35:11,0.0
362,04/04/2016,2016-04-04 19:42:09,0.0
363,04/04/2016,2016-04-04 19:49:10,0.0
364,04/04/2016,2016-04-04 19:56:35,0.0
365,04/04/2016,2016-04-04 20:07:07,0.0
366,04/04/2016,2016-04-04 20:21:10,0.0
367,04/04/2016,2016-04-04 20:27:21,0.0
368,04/04/2016,2016-04-04 20:35:08,0.0
369,04/04/2016,2016-04-04 20:42:05,0.0
370,04/04/2016,2016-04-04 20:49:11,0.0
371,04/04/2016,2016-04-04 20:56:06,0.0
372,04/10/2016,2016-04-10 09:07:14,0.0
373,04/10/2016,2016-04-10 09:14:05,0.0
374,04/10/2016,2016-04-10 09:21:12,0.0
375,04/10/2016,2016-04-10 09:27:09,0.0
376,04/10/2016,2016-04-10 09:35:11,0.0
377,04/10/2016,2016-04-10 09:42:10,0.0
378,04/10/2016,2016-04-10 09:49:07,0.0
379,04/10/2016,2016-04-10 09:56:06,0.0
380,04/10/2016,2016-04-10 10:07:11,0.0
381,04/10/2016,2016-04-10 10:14:14,0.0
382,04/10/2016,2016-04-10 10:21:07,0.0
383,04/10/2016,2016-04-10 10:27:09,0.0
384,04/10/2016,2016-04-10 10:35:11,0.0
385,04/10/2016,2016-04-10 10:49:06,0.0
386,04/10/2016,2016-04-10 10:56:08,0.0
387,04/10/2016,2016-04-10 11:00:11,0.0
388,04/10/2016,2016-04-10 11:07:14,0.0
389,04/10/2016,2016-04-10 11:14:12,0.0
390,04/10/2016,2016-04-10 11:21:08,0.0
391,04/10/2016,2016-04-10 11:27:18,0.0
392,04/10/2016,2016-04-10 11:42:05,0.0
393,04/10/2016,2016-04-10 11:49:10,0.0
394,04/10/2016,2016-04-10 11:56:12,0.0
395,04/10/2016,2016-04-10 12:07:11,0.0
396,04/10/2016,2016-04-10 12:14:11,0.0
397,04/10/2016,2016-04-10 12:21:13,0.0
398,04/10/2016,2016-04-10 12:27:17,0.0
399,04/10/2016,2016-04-10 12:35:08,0.0
400,04/10/2016,2016-04-10 12:42:10,0.0
401,04/10/2016,2016-04-10 12:49:07,0.0
402,04/10/2016,2016-04-10 12:56:06,0.0
403,04/10/2016,2016-04-10 13:07:05,0.0
404,04/10/2016,2016-04-10 13:14:14,0.0
405,04/10/2016,2016-04-10 13:21:13,0.0
406,04/10/2016,2016-04-10 13:27:07,0.0
407,04/10/2016,2016-04-10 13:35:10,0.0
408,04/10/2016,2016-04-10 13:42:10,0.0
409,04/10/2016,2016-04-10 13:49:08,0.0
410,04/10/2016,2016-04-10 13:56:10,0.0
411,04/10/2016,2016-04-10 14:07:11,0.0
412,04/10/2016,2016-04-10 14:14:13,0.0
413,04/10/2016,2016-04-10 14:21:45,0.0
414,04/10/2016,2016-04-10 14:27:04,0.0
415,04/10/2016,2016-04-10 14:35:06,0.0
416,04/10/2016,2016-04-10 14:42:34,0.0
417,04/10/2016,2016-04-10 14:49:10,0.0
418,04/10/2016,2016-04-10 14:56:09,0.0
419,04/10/2016,2016-04-10 15:00:15,0.0
420,04/10/2016,2016-04-10 15:07:12,0.0
421,04/10/2016,2016-04-10 15:14:13,0.0
422,04/10/2016,2016-04-10 15:21:13,0.0
423,04/10/2016,2016-04-10 15:27:44,0.0
424,04/10/2016,2016-04-10 15:42:18,0.0
425,04/10/2016,2016-04-10 15:49:04,0.0
426,04/10/2016,2016-04-10 15:56:07,0.0
427,04/10/2016,2016-04-10 16:07:12,0.0
428,04/10/2016,2016-04-10 16:14:07,0.0
429,04/10/2016,2016-04-10 16:21:08,0.0
430,04/10/2016,2016-04-10 16:27:05,0.0
431,04/10/2016,2016-04-10 16:35:11,0.0
432,04/10/2016,2016-04-10 16:42:08,0.0
433,04/10/2016,2016-04-10 16:49:06,0.0
434,04/10/2016,2016-04-10 16:56:10,0.0
435,04/10/2016,2016-04-10 17:00:11,0.0
436,04/10/2016,2016-04-10 17:07:12,0.0
437,04/10/2016,2016-04-10 17:14:04,0.0
438,04/10/2016,2016-04-10 17:21:09,0.0
439,04/10/2016,2016-04-10 17:27:46,0.0
440,04/10/2016,2016-04-10 17:35:10,0.0
441,04/10/2016,2016-04-10 17:42:06,0.0
442,04/10/2016,2016-04-10 17:49:06,0.0
443,04/10/2016,2016-04-10 17:56:09,0.0
444,04/10/2016,2016-04-10 18:00:16,0.0
445,04/10/2016,2016-04-10 18:07:08,0.0
446,04/10/2016,2016-04-10 18:14:32,0.0
447,04/10/2016,2016-04-10 18:21:07,0.0
448,04/10/2016,2016-04-10 18:27:11,0.0
449,04/10/2016,2016-04-10 18:35:14,0.0
450,04/10/2016,2016-04-10 18:42:11,0.0
451,04/10/2016,2016-04-10 18:49:09,0.0
452,04/10/2016,2016-04-10 18:56:09,0.0
453,04/10/2016,2016-04-10 19:07:06,0.0
454,04/10/2016,2016-04-10 19:14:08,0.0
455,04/10/2016,2016-04-10 19:21:07,0.0
456,04/10/2016,2016-04-10 19:27:09,0.0
457,04/10/2016,2016-04-10 19:35:09,0.0
458,04/10/2016,2016-04-10 19:42:11,0.0
459,04/10/2016,2016-04-10 19:49:10,0.0
460,04/10/2016,2016-04-10 19:56:11,0.0
461,04/10/2016,2016-04-10 20:07:06,0.0
462,04/10/2016,2016-04-10 20:14:11,0.0
463,04/10/2016,2016-04-10 20:21:09,0.0
464,04/10/2016,2016-04-10 20:27:10,0.0
465,04/10/2016,2016-04-10 20:35:11,0.0
466,04/10/2016,2016-04-10 20:42:09,0.0
467,04/10/2016,2016-04-10 20:49:11,0.0
468,04/10/2016,2016-04-10 20:56:46,0.0
469,05/08/2016,2016-05-08 11:08:03,0.0
470,01/15/2017,2017-01-15 09:07:07,0.0
471,01/15/2017,2017-01-15 22:21:18,0.0
472,01/15/2017,2017-01-15 22:27:39,0.0
473,01/15/2017,2017-01-15 22:35:27,0.0
474,01/15/2017,2017-01-15 22:42:18,0.0
475,01/15/2017,2017-01-15 22:49:10,0.0
476,01/15/2017,2017-01-15 22:56:15,0.0
477,05/12/2017,2017-05-12 09:23:03,1.0
478,09/08/2017,2017-09-08 12:35:06,0.0
479,09/08/2017,2017-09-08 12:42:07,0.0
480,09/08/2017,2017-09-08 12:49:06,0.0
481,09/08/2017,2017-09-08 12:56:07,0.0
482,09/08/2017,2017-09-08 13:00:11,0.0
483,09/08/2017,2017-09-08 13:07:07,0.0
484,09/08/2017,2017-09-08 13:14:07,0.0
485,09/08/2017,2017-09-08 13:21:07,0.0
486,09/08/2017,2017-09-08 13:27:07,0.0
487,09/08/2017,2017-09-08 13:35:06,0.0
488,09/08/2017,2017-09-08 13:42:07,0.0
489,09/08/2017,2017-09-08 13:49:07,0.0
490,09/08/2017,2017-09-08 13:56:06,0.0
491,09/08/2017,2017-09-08 14:00:12,0.0
492,09/08/2017,2017-09-08 14:07:06,0.0
493,09/08/2017,2017-09-08 14:14:07,0.0
494,09/08/2017,2017-09-08 14:21:08,0.0
495,09/08/2017,2017-09-08 14:27:10,0.0
496,09/08/2017,2017-09-08 14:35:27,0.0
497,09/08/2017,2017-09-08 14:42:07,0.0
498,09/08/2017,2017-09-08 14:49:06,0.0
499,09/08/2017,2017-09-08 14:56:07,0.0
500,09/08/2017,2017-09-08 15:00:11,0.0
501,09/08/2017,2017-09-08 15:07:07,0.0
502,09/08/2017,2017-09-08 15:14:06,0.0
503,09/08/2017,2017-09-08 15:21:08,0.0
504,09/08/2017,2017-09-08 15:27:07,0.0
505,09/08/2017,2017-09-08 15:35:06,0.0
506,09/08/2017,2017-09-08 15:42:07,0.0
507,09/08/2017,2017-09-08 15:49:06,0.0
508,09/08/2017,2017-09-08 15:56:12,0.0
509,09/08/2017,2017-09-08 16:00:15,0.0
510,09/08/2017,2017-09-08 16:07:06,0.0
511,09/08/2017,2017-09-08 16:14:07,0.0
512,09/08/2017,2017-09-08 16:21:07,0.0
513,09/08/2017,2017-09-08 16:27:06,0.0
514,09/08/2017,2017-09-08 16:35:06,0.0
515,09/08/2017,2017-09-08 16:42:07,0.0
516,09/08/2017,2017-09-08 16:49:06,0.0
517,09/08/2017,2017-09-08 16:56:06,0.0
518,09/08/2017,2017-09-08 17:00:12,0.0
519,09/08/2017,2017-09-08 17:07:06,0.0
520,09/08/2017,2017-09-08 17:14:08,0.0
521,09/08/2017,2017-09-08 17:21:07,0.0
522,09/08/2017,2017-09-08 17:27:07,0.0
523,09/08/2017,2017-09-08 17:35:06,0.0
524,09/08/2017,2017-09-08 17:42:08,0.0
525,09/08/2017,2017-09-08 17:49:06,0.0
526,09/08/2017,2017-09-08 17:56:07,0.0
527,09/08/2017,2017-09-08 18:00:13,0.0
528,09/08/2017,2017-09-08 18:07:07,0.0
529,09/08/2017,2017-09-08 18:14:07,0.0
530,09/08/2017,2017-09-08 18:21:07,0.0
531,09/08/2017,2017-09-08 18:27:06,0.0
532,09/08/2017,2017-09-08 18:35:06,0.0
533,09/08/2017,2017-09-08 18:42:06,0.0
534,09/08/2017,2017-09-08 18:49:06,0.0
535,09/08/2017,2017-09-08 18:56:07,0.0
536,09/08/2017,2017-09-08 19:00:11,0.0
537,09/08/2017,2017-09-08 19:07:07,0.0
538,09/08/2017,2017-09-08 19:14:07,0.0
539,09/08/2017,2017-09-08 19:21:08,0.0
540,09/08/2017,2017-09-08 19:27:07,0.0
541,09/08/2017,2017-09-08 19:35:07,0.0
542,09/08/2017,2017-09-08 19:42:07,0.0
543,09/08/2017,2017-09-08 19:49:07,0.0
544,09/08/2017,2017-09-08 19:56:06,0.0
545,09/08/2017,2017-09-08 20:00:12,0.0
546,01/24/2018,2018-01-24 12:56:07,0.0
547,01/24/2018,2018-01-24 13:00:13,0.0
548,01/24/2018,2018-01-24 13:07:07,0.0
549,01/24/2018,2018-01-24 13:14:07,0.0
550,01/24/2018,2018-01-24 13:21:07,0.0
551,01/24/2018,2018-01-24 13:27:08,0.0
552,01/24/2018,2018-01-24 13:35:08,0.0
553,01/24/2018,2018-01-24 13:42:06,0.0
554,01/24/2018,2018-01-24 13:49:06,0.0
555,01/24/2018,2018-01-24 13:56:07,0.0
556,01/24/2018,2018-01-24 14:00:11,0.0
557,01/24/2018,2018-01-24 14:07:08,0.0
558,01/24/2018,2018-01-24 14:14:07,0.0
559,01/24/2018,2018-01-24 14:21:08,0.0
560,01/24/2018,2018-01-24 14:27:08,0.0
561,01/24/2018,2018-01-24 14:35:07,0.0
562,01/24/2018,2018-01-24 14:42:08,0.0
563,01/24/2018,2018-01-24 14:49:06,0.0
564,01/24/2018,2018-01-24 14:56:07,0.0
565,01/24/2018,2018-01-24 15:00:16,0.0
566,01/24/2018,2018-01-24 15:07:07,0.0
567,01/24/2018,2018-01-24 15:14:08,0.0
568,01/24/2018,2018-01-24 15:21:07,0.0
569,01/24/2018,2018-01-24 15:27:08,0.0
570,01/24/2018,2018-01-24 15:35:07,0.0
571,01/24/2018,2018-01-24 15:42:08,0.0
572,01/24/2018,2018-01-24 15:49:07,0.0
573,01/24/2018,2018-01-24 15:56:07,0.0
574,01/24/2018,2018-01-24 16:00:12,0.0
575,01/24/2018,2018-01-24 16:07:07,0.0
576,01/24/2018,2018-01-24 16:14:06,0.0
577,01/24/2018,2018-01-24 16:21:07,0.0
578,01/24/2018,2018-01-24 16:27:08,0.0
579,01/24/2018,2018-01-24 16:35:07,0.0
580,01/24/2018,2018-01-24 16:42:06,0.0
581,01/24/2018,2018-01-24 16:49:07,0.0
582,01/24/2018,2018-01-24 16:56:06,0.0
583,01/24/2018,2018-01-24 17:00:13,0.0
584,01/24/2018,2018-01-24 17:07:07,0.0
585,01/24/2018,2018-01-24 17:14:06,0.0
586,01/24/2018,2018-01-24 17:21:07,0.0
587,01/24/2018,2018-01-24 17:27:06,0.0
588,01/24/2018,2018-01-24 17:35:06,0.0
589,01/24/2018,2018-01-24 17:42:07,0.0
590,01/24/2018,2018-01-24 17:49:06,0.0
591,01/24/2018,2018-01-24 17:56:06,0.0
592,01/24/2018,2018-01-24 18:00:11,0.0
593,01/24/2018,2018-01-24 18:07:07,0.0
594,01/24/2018,2018-01-24 18:14:07,0.0
595,01/24/2018,2018-01-24 18:21:07,0.0
596,01/24/2018,2018-01-24 18:27:06,0.0
597,01/24/2018,2018-01-24 18:35:12,0.0
598,01/24/2018,2018-01-24 18:42:06,0.0
599,01/24/2018,2018-01-24 18:49:06,0.0
600,01/24/2018,2018-01-24 18:56:07,0.0
601,01/24/2018,2018-01-24 19:00:14,0.0
602,03/15/2018,2018-03-15 21:49:07,0.0
603,03/15/2018,2018-03-15 21:56:07,0.0
604,03/15/2018,2018-03-15 22:00:14,0.0
605,03/15/2018,2018-03-15 22:07:07,0.0
606,03/15/2018,2018-03-15 22:14:07,0.0
607,03/15/2018,2018-03-15 22:21:07,0.0
608,03/15/2018,2018-03-15 22:27:07,0.0
609,03/15/2018,2018-03-15 22:35:07,0.0
610,03/15/2018,2018-03-15 22:42:06,0.0
611,03/15/2018,2018-03-15 22:49:07,0.0
612,03/15/2018,2018-03-15 22:56:07,0.0
613,04/28/2018,2018-04-28 09:00:12,0.0
614,04/28/2018,2018-04-28 09:07:08,0.0
615,04/28/2018,2018-04-28 09:14:07,0.0
616,04/28/2018,2018-04-28 09:21:07,0.0
617,04/28/2018,2018-04-28 09:27:06,0.0
618,04/28/2018,2018-04-28 09:35:07,0.0
619,04/28/2018,2018-04-28 09:42:07,0.0
620,04/28/2018,2018-04-28 09:49:07,0.0
621,04/28/2018,2018-04-28 09:56:07,0.0
622,04/28/2018,2018-04-28 10:00:15,0.0
623,04/28/2018,2018-04-28 10:07:07,0.0
624,04/28/2018,2018-04-28 10:14:09,0.0
625,04/28/2018,2018-04-28 10:21:06,0.0
626,04/28/2018,2018-04-28 10:27:07,0.0
627,04/28/2018,2018-04-28 10:35:06,0.0
628,04/28/2018,2018-04-28 10:42:07,0.0
629,04/28/2018,2018-04-28 10:49:06,0.0
630,04/28/2018,2018-04-28 10:56:06,0.0
631,04/28/2018,2018-04-28 11:00:11,0.0
632,04/28/2018,2018-04-28 11:07:06,0.0
633,04/28/2018,2018-04-28 11:14:07,0.0
634,04/28/2018,2018-04-28 11:21:07,0.0
635,04/28/2018,2018-04-28 11:27:07,0.0
636,04/28/2018,2018-04-28 11:35:07,0.0
637,04/28/2018,2018-04-28 11:42:07,0.0
638,04/28/2018,2018-04-28 11:49:06,0.0
639,04/28/2018,2018-04-28 11:56:07,0.0
640,04/28/2018,2018-04-28 12:00:15,0.0
641,04/28/2018,2018-04-28 12:07:07,0.0
642,04/28/2018,2018-04-28 12:14:07,0.0
643,04/28/2018,2018-04-28 12:21:08,0.0
644,04/28/2018,2018-04-28 12:27:07,0.0
645,04/28/2018,2018-04-28 12:35:07,0.0
646,04/28/2018,2018-04-28 12:42:07,0.0
647,04/28/2018,2018-04-28 12:49:06,0.0
648,04/28/2018,2018-04-28 12:56:06,0.0
649,04/28/2018,2018-04-28 13:00:11,0.0
650,04/28/2018,2018-04-28 13:07:06,0.0
651,04/28/2018,2018-04-28 13:14:06,0.0
652,04/28/2018,2018-04-28 13:21:07,0.0
653,04/28/2018,2018-04-28 13:27:07,0.0
654,04/28/2018,2018-04-28 13:35:07,0.0
655,04/28/2018,2018-04-28 13:42:06,0.0
656,04/28/2018,2018-04-28 13:49:07,0.0
657,04/28/2018,2018-04-28 13:56:06,0.0
658,04/28/2018,2018-04-28 14:00:13,0.0
659,04/28/2018,2018-04-28 14:07:07,0.0
660,04/28/2018,2018-04-28 14:14:07,0.0
661,04/28/2018,2018-04-28 14:21:07,0.0
662,04/28/2018,2018-04-28 14:27:07,0.0
663,04/28/2018,2018-04-28 14:35:06,0.0
664,04/28/2018,2018-04-28 14:42:07,0.0
665,04/28/2018,2018-04-28 14:49:07,0.0
666,04/28/2018,2018-04-28 14:56:07,0.0
667,04/28/2018,2018-04-28 15:00:12,0.0
668,04/28/2018,2018-04-28 15:07:06,0.0
669,04/28/2018,2018-04-28 15:14:07,0.0
670,04/28/2018,2018-04-28 15:21:08,0.0
671,04/28/2018,2018-04-28 15:27:07,0.0
672,04/28/2018,2018-04-28 15:35:06,0.0
673,04/28/2018,2018-04-28 15:42:07,0.0
674,04/28/2018,2018-04-28 15:49:07,0.0
675,04/28/2018,2018-04-28 15:56:07,0.0
676,04/28/2018,2018-04-28 16:00:15,0.0
677,04/28/2018,2018-04-28 16:07:07,0.0
678,04/28/2018,2018-04-28 16:14:06,0.0
679,04/28/2018,2018-04-28 16:21:08,0.0
680,04/28/2018,2018-04-28 16:27:08,0.0
681,04/28/2018,2018-04-28 16:35:07,0.0
682,04/28/2018,2018-04-28 16:42:06,0.0
683,04/28/2018,2018-04-28 16:49:06,0.0
684,04/28/2018,2018-04-28 16:56:06,0.0
685,04/28/2018,2018-04-28 17:00:12,0.0
686,04/28/2018,2018-04-28 17:07:06,0.0
687,04/28/2018,2018-04-28 17:14:06,0.0
688,04/28/2018,2018-04-28 17:21:07,0.0
689,04/28/2018,2018-04-28 17:27:08,0.0
690,04/28/2018,2018-04-28 17:35:06,0.0
691,04/28/2018,2018-04-28 17:42:06,0.0
692,04/28/2018,2018-04-28 17:49:06,0.0
693,04/28/2018,2018-04-28 17:56:07,0.0
694,04/28/2018,2018-04-28 18:00:14,0.0
695,04/28/2018,2018-04-28 18:07:07,0.0
696,04/28/2018,2018-04-28 18:14:07,0.0
697,04/28/2018,2018-04-28 18:21:07,0.0
698,04/28/2018,2018-04-28 18:27:07,0.0
699,04/28/2018,2018-04-28 18:35:06,0.0
700,04/28/2018,2018-04-28 18:42:07,0.0
701,04/28/2018,2018-04-28 18:49:06,0.0
702,04/28/2018,2018-04-28 18:56:07,0.0
703,04/28/2018,2018-04-28 19:00:11,0.0
704,04/28/2018,2018-04-28 19:07:07,0.0
705,04/28/2018,2018-04-28 19:14:07,0.0
706,04/28/2018,2018-04-28 19:21:07,0.0
707,04/28/2018,2018-04-28 19:27:07,0.0
708,04/28/2018,2018-04-28 19:35:07,0.0
709,04/28/2018,2018-04-28 19:42:07,0.0
710,04/28/2018,2018-04-28 19:49:06,0.0
711,04/28/2018,2018-04-28 19:56:06,0.0
712,04/28/2018,2018-04-28 20:00:13,0.0
713,04/28/2018,2018-04-28 20:07:07,0.0
714,04/28/2018,2018-04-28 20:14:07,0.0
715,04/28/2018,2018-04-28 20:21:08,0.0
716,04/28/2018,2018-04-28 20:27:07,0.0
717,04/28/2018,2018-04-28 20:35:08,0.0
718,04/28/2018,2018-04-28 20:42:07,0.0
719,04/28/2018,2018-04-28 20:49:06,0.0
720,04/28/2018,2018-04-28 20:56:06,0.0
721,04/28/2018,2018-04-28 21:00:11,0.0
722,04/28/2018,2018-04-28 21:07:07,0.0
723,04/28/2018,2018-04-28 21:14:07,0.0
724,04/28/2018,2018-04-28 21:21:07,0.0
725,04/28/2018,2018-04-28 21:27:07,0.0
726,04/28/2018,2018-04-28 21:35:07,0.0
727,04/28/2018,2018-04-28 21:42:07,0.0
728,04/28/2018,2018-04-28 21:49:07,0.0
729,04/28/2018,2018-04-28 21:56:06,0.0
730,04/28/2018,2018-04-28 22:00:13,0.0
731,04/28/2018,2018-04-28 22:07:06,0.0
732,04/28/2018,2018-04-28 22:14:06,0.0
733,04/28/2018,2018-04-28 22:21:07,0.0
734,04/28/2018,2018-04-28 22:27:07,0.0
735,04/28/2018,2018-04-28 22:35:07,0.0
736,04/28/2018,2018-04-28 22:42:07,0.0
737,04/28/2018,2018-04-28 22:49:07,0.0
738,04/28/2018,2018-04-28 22:56:08,0.0
739,06/29/2018,2018-06-29 09:39:43,1.0
740,07/02/2018,2018-07-02 14:07:06,0.0
741,07/02/2018,2018-07-02 14:14:08,0.0
742,07/02/2018,2018-07-02 14:21:07,0.0
743,07/02/2018,2018-07-02 14:27:07,0.0
744,07/02/2018,2018-07-02 14:35:07,0.0
745,07/02/2018,2018-07-02 14:42:06,0.0
746,07/02/2018,2018-07-02 14:49:06,0.0
747,07/02/2018,2018-07-02 14:56:06,0.0
748,07/02/2018,2018-07-02 15:00:15,0.0
749,07/02/2018,2018-07-02 15:07:07,0.0
750,07/02/2018,2018-07-02 15:14:07,0.0
751,07/02/2018,2018-07-02 15:21:07,0.0
752,07/02/2018,2018-07-02 15:27:08,0.0
753,07/02/2018,2018-07-02 15:35:06,0.0
754,07/02/2018,2018-07-02 15:42:07,0.0
755,07/02/2018,2018-07-02 15:49:07,0.0
756,07/02/2018,2018-07-02 15:56:07,0.0
757,07/02/2018,2018-07-02 16:00:15,0.0
758,07/02/2018,2018-07-02 16:07:06,0.0
759,07/02/2018,2018-07-02 16:14:06,0.0
760,07/02/2018,2018-07-02 16:21:06,0.0
761,07/02/2018,2018-07-02 16:27:09,0.0
762,07/02/2018,2018-07-02 16:35:08,0.0
763,07/02/2018,2018-07-02 16:42:07,0.0
764,07/02/2018,2018-07-02 16:49:07,0.0
765,07/02/2018,2018-07-02 16:56:07,0.0
766,07/02/2018,2018-07-02 17:00:14,0.0
767,07/02/2018,2018-07-02 17:07:07,0.0
768,07/02/2018,2018-07-02 17:14:07,0.0
769,07/02/2018,2018-07-02 17:21:07,0.0
770,07/02/2018,2018-07-02 17:27:08,0.0
771,07/02/2018,2018-07-02 17:35:07,0.0
772,07/02/2018,2018-07-02 17:42:06,0.0
773,07/02/2018,2018-07-02 17:49:07,0.0
774,07/02/2018,2018-07-02 17:56:08,0.0
775,07/02/2018,2018-07-02 18:00:16,0.0
776,07/02/2018,2018-07-02 18:07:08,0.0
777,07/02/2018,2018-07-02 18:14:07,0.0
778,07/02/2018,2018-07-02 18:21:07,0.0
779,07/02/2018,2018-07-02 18:27:08,0.0
780,07/02/2018,2018-07-02 18:35:07,0.0
781,07/02/2018,2018-07-02 18:42:07,0.0
782,07/02/2018,2018-07-02 18:49:06,0.0
783,07/02/2018,2018-07-02 18:56:06,0.0
784,07/02/2018,2018-07-02 19:00:13,0.0
785,07/02/2018,2018-07-02 19:07:07,0.0
786,07/02/2018,2018-07-02 19:14:07,0.0
787,07/02/2018,2018-07-02 19:21:08,0.0
788,07/02/2018,2018-07-02 19:27:08,0.0
789,07/02/2018,2018-07-02 19:35:09,0.0
790,07/02/2018,2018-07-02 19:42:08,0.0
791,07/02/2018,2018-07-02 19:49:06,0.0
792,07/02/2018,2018-07-02 19:56:07,0.0
793,07/02/2018,2018-07-02 20:00:17,0.0
794,07/02/2018,2018-07-02 20:07:05,0.0
795,07/02/2018,2018-07-02 20:14:08,0.0
796,07/02/2018,2018-07-02 20:21:09,0.0
797,07/02/2018,2018-07-02 20:27:09,0.0
798,07/02/2018,2018-07-02 20:35:08,0.0
799,07/02/2018,2018-07-02 20:42:06,0.0
800,07/02/2018,2018-07-02 20:49:07,0.0
801,07/02/2018,2018-07-02 20:56:07,0.0
802,07/02/2018,2018-07-02 21:00:13,0.0
803,07/02/2018,2018-07-02 21:07:07,0.0
804,07/02/2018,2018-07-02 21:14:07,0.0
805,07/02/2018,2018-07-02 21:21:06,0.0
806,07/02/2018,2018-07-02 21:27:08,0.0
807,07/02/2018,2018-07-02 21:35:07,0.0
808,07/02/2018,2018-07-02 21:42:06,0.0
809,07/02/2018,2018-07-02 21:49:07,0.0
810,07/02/2018,2018-07-02 21:56:07,0.0
811,07/02/2018,2018-07-02 22:00:13,0.0
812,12/09/2018,2018-12-09 18:07:09,0.0
813,12/09/2018,2018-12-09 18:14:08,0.0
814,12/09/2018,2018-12-09 18:21:08,0.0
815,12/09/2018,2018-12-09 18:27:08,0.0
816,12/09/2018,2018-12-09 18:35:07,0.0
817,12/09/2018,2018-12-09 18:42:07,0.0
818,12/09/2018,2018-12-09 18:49:07,0.0
819,12/09/2018,2018-12-09 18:56:07,0.0
820,12/09/2018,2018-12-09 19:00:15,0.0
821,12/09/2018,2018-12-09 19:07:08,0.0
822,12/09/2018,2018-12-09 19:14:07,0.0
823,12/09/2018,2018-12-09 19:21:07,0.0
824,12/09/2018,2018-12-09 19:27:08,0.0
825,12/09/2018,2018-12-09 19:35:08,0.0
826,12/09/2018,2018-12-09 19:42:07,0.0
827,12/09/2018,2018-12-09 19:49:07,0.0
828,12/09/2018,2018-12-09 19:56:07,0.0
829,12/09/2018,2018-12-09 20:00:12,0.0
830,12/09/2018,2018-12-09 20:07:07,0.0
831,12/09/2018,2018-12-09 20:14:07,0.0
832,12/09/2018,2018-12-09 20:21:07,0.0
833,12/09/2018,2018-12-09 20:27:09,0.0
834,12/09/2018,2018-12-09 20:35:07,0.0
835,12/09/2018,2018-12-09 20:42:08,0.0
836,12/09/2018,2018-12-09 20:49:07,0.0
837,12/09/2018,2018-12-09 20:56:07,0.0
838,12/09/2018,2018-12-09 21:00:15,0.0
839,12/09/2018,2018-12-09 21:07:08,0.0
840,12/09/2018,2018-12-09 21:14:07,0.0
841,12/09/2018,2018-12-09 21:21:07,0.0
842,12/09/2018,2018-12-09 21:27:07,0.0
843,12/09/2018,2018-12-09 21:35:08,0.0
844,12/09/2018,2018-12-09 21:42:07,0.0
845,12/09/2018,2018-12-09 21:49:07,0.0
846,12/09/2018,2018-12-09 21:56:07,0.0
847,12/09/2018,2018-12-09 22:00:11,0.0
848,12/09/2018,2018-12-09 22:07:07,0.0
849,12/09/2018,2018-12-09 22:14:07,0.0
850,12/09/2018,2018-12-09 22:21:09,0.0
851,12/09/2018,2018-12-09 22:27:07,0.0
852,12/09/2018,2018-12-09 22:35:08,0.0
853,12/09/2018,2018-12-09 22:42:07,0.0
854,12/09/2018,2018-12-09 22:49:07,0.0
855,12/09/2018,2018-12-09 22:56:07,0.0
856,12/20/2018,2018-12-20 18:49:07,0.0
857,12/20/2018,2018-12-20 18:56:08,0.0
858,12/20/2018,2018-12-20 19:00:14,0.0
859,12/20/2018,2018-12-20 19:07:07,0.0
860,12/20/2018,2018-12-20 19:14:08,0.0
861,12/20/2018,2018-12-20 19:21:07,0.0
862,12/20/2018,2018-12-20 19:27:08,0.0
863,12/20/2018,2018-12-20 19:36:09,0.0
864,12/20/2018,2018-12-20 19:42:08,0.0
865,12/20/2018,2018-12-20 19:49:07,0.0
866,12/20/2018,2018-12-20 19:56:08,0.0
867,12/20/2018,2018-12-20 20:00:13,0.0
868,12/20/2018,2018-12-20 20:07:07,0.0
869,12/20/2018,2018-12-20 20:14:07,0.0
870,12/20/2018,2018-12-20 20:21:08,0.0
871,12/20/2018,2018-12-20 20:27:09,0.0
872,12/20/2018,2018-12-20 20:35:07,0.0
873,12/20/2018,2018-12-20 20:42:08,0.0
874,12/20/2018,2018-12-20 20:49:08,0.0
875,12/20/2018,2018-12-20 20:56:07,0.0
876,12/20/2018,2018-12-20 21:00:15,0.0
877,12/20/2018,2018-12-20 21:07:07,0.0
878,12/20/2018,2018-12-20 21:14:08,0.0
879,12/20/2018,2018-12-20 21:21:08,0.0
880,12/20/2018,2018-12-20 21:27:07,0.0
881,12/20/2018,2018-12-20 21:35:07,0.0
882,12/20/2018,2018-12-20 21:42:07,0.0
883,12/20/2018,2018-12-20 21:49:07,0.0
884,12/20/2018,2018-12-20 21:56:07,0.0
885,12/20/2018,2018-12-20 22:00:12,0.0
886,12/20/2018,2018-12-20 22:07:08,0.0
887,12/20/2018,2018-12-20 22:14:07,0.0
888,12/20/2018,2018-12-20 22:21:09,0.0
889,12/20/2018,2018-12-20 22:27:08,0.0
890,12/20/2018,2018-12-20 22:35:08,0.0
891,12/20/2018,2018-12-20 22:42:08,0.0
892,12/20/2018,2018-12-20 22:49:07,0.0
893,12/20/2018,2018-12-20 22:56:07,0.0
894,05/09/2019,2019-05-09 18:35:54,3.0
895,05/10/2019,2019-05-10 13:23:22,1.0
896,05/27/2019,2019-05-27 09:07:08,0.0
897,05/27/2019,2019-05-27 09:14:09,0.0
898,05/27/2019,2019-05-27 09:21:08,0.0
899,05/27/2019,2019-05-27 09:27:07,0.0
900,05/27/2019,2019-05-27 09:35:06,0.0
901,05/27/2019,2019-05-27 09:42:07,0.0
902,05/27/2019,2019-05-27 09:49:06,0.0
903,05/27/2019,2019-05-27 09:56:07,0.0
904,05/27/2019,2019-05-27 10:00:15,0.0
905,05/27/2019,2019-05-27 10:07:07,0.0
906,05/27/2019,2019-05-27 10:14:12,0.0
907,05/27/2019,2019-05-27 10:21:07,0.0
908,05/27/2019,2019-05-27 10:27:07,0.0
909,05/27/2019,2019-05-27 10:35:06,0.0
910,05/27/2019,2019-05-27 10:42:07,0.0
911,05/27/2019,2019-05-27 10:49:07,0.0
912,05/27/2019,2019-05-27 10:56:07,0.0
913,05/27/2019,2019-05-27 11:00:12,0.0
914,05/27/2019,2019-05-27 11:07:07,0.0
915,05/27/2019,2019-05-27 11:14:09,0.0
916,05/27/2019,2019-05-27 11:21:08,0.0
917,05/27/2019,2019-05-27 11:27:08,0.0
918,05/27/2019,2019-05-27 11:35:07,0.0
919,05/27/2019,2019-05-27 11:42:07,0.0
920,05/27/2019,2019-05-27 11:49:07,0.0
921,05/27/2019,2019-05-27 11:56:07,0.0
922,05/27/2019,2019-05-27 12:00:17,0.0
923,05/27/2019,2019-05-27 12:07:08,0.0
924,05/27/2019,2019-05-27 12:14:08,0.0
925,05/27/2019,2019-05-27 12:21:09,0.0
926,05/27/2019,2019-05-27 12:27:09,0.0
927,05/27/2019,2019-05-27 12:35:08,0.0
928,05/27/2019,2019-05-27 12:42:09,0.0
929,05/27/2019,2019-05-27 12:49:13,0.0
930,05/27/2019,2019-05-27 12:56:13,0.0
931,05/27/2019,2019-05-27 13:00:16,0.0
932,05/27/2019,2019-05-27 13:07:10,0.0
933,05/27/2019,2019-05-27 13:14:09,0.0
934,05/27/2019,2019-05-27 13:21:08,0.0
935,05/27/2019,2019-05-27 13:27:15,0.0
936,05/27/2019,2019-05-27 13:35:09,0.0
937,05/27/2019,2019-05-27 13:42:07,0.0
938,05/27/2019,2019-05-27 13:49:06,0.0
939,05/27/2019,2019-05-27 13:56:07,0.0
940,05/27/2019,2019-05-27 14:00:15,0.0
941,05/27/2019,2019-05-27 14:07:07,0.0
942,05/27/2019,2019-05-27 14:14:09,0.0
943,05/27/2019,2019-05-27 14:21:08,0.0
944,05/27/2019,2019-05-27 14:27:09,0.0
945,05/27/2019,2019-05-27 14:35:07,0.0
946,05/27/2019,2019-05-27 14:42:06,0.0
947,05/27/2019,2019-05-27 14:49:06,0.0
948,05/27/2019,2019-05-27 14:56:08,0.0
949,05/27/2019,2019-05-27 15:00:12,0.0
950,05/27/2019,2019-05-27 15:07:14,0.0
951,05/27/2019,2019-05-27 15:14:07,0.0
952,05/27/2019,2019-05-27 15:21:07,0.0
953,05/27/2019,2019-05-27 15:27:07,0.0
954,05/27/2019,2019-05-27 15:35:07,0.0
955,05/27/2019,2019-05-27 15:42:07,0.0
956,05/27/2019,2019-05-27 15:49:07,0.0
957,05/27/2019,2019-05-27 15:56:07,0.0
958,05/27/2019,2019-05-27 16:00:15,0.0
959,05/27/2019,2019-05-27 16:07:07,0.0
960,05/27/2019,2019-05-27 16:14:12,0.0
961,05/27/2019,2019-05-27 16:21:07,0.0
962,05/27/2019,2019-05-27 16:27:09,0.0
963,05/27/2019,2019-05-27 16:35:06,0.0
964,05/27/2019,2019-05-27 16:42:07,0.0
965,05/27/2019,2019-05-27 16:49:12,0.0
966,05/27/2019,2019-05-27 16:56:12,0.0
967,05/27/2019,2019-05-27 17:00:10,0.0
968,05/27/2019,2019-05-27 17:07:09,0.0
969,05/27/2019,2019-05-27 17:14:12,0.0
970,05/27/2019,2019-05-27 17:21:09,0.0
971,05/27/2019,2019-05-27 17:27:07,0.0
972,05/27/2019,2019-05-27 17:35:07,0.0
973,05/27/2019,2019-05-27 17:42:07,0.0
974,05/27/2019,2019-05-27 17:49:07,0.0
975,05/27/2019,2019-05-27 17:56:14,0.0
976,05/27/2019,2019-05-27 18:00:13,0.0
977,05/27/2019,2019-05-27 18:07:07,0.0
978,05/27/2019,2019-05-27 18:14:07,0.0
979,05/27/2019,2019-05-27 18:21:07,0.0
980,05/27/2019,2019-05-27 18:27:07,0.0
981,05/27/2019,2019-05-27 18:35:07,0.0
982,05/27/2019,2019-05-27 18:42:06,0.0
983,05/27/2019,2019-05-27 18:49:07,0.0
984,05/27/2019,2019-05-27 18:56:07,0.0
985,05/27/2019,2019-05-27 19:00:11,0.0
986,05/27/2019,2019-05-27 19:07:07,0.0
987,05/27/2019,2019-05-27 19:14:07,0.0
988,05/27/2019,2019-05-27 19:21:07,0.0
989,05/27/2019,2019-05-27 19:27:06,0.0
990,05/27/2019,2019-05-27 19:35:07,0.0
991,05/27/2019,2019-05-27 19:42:07,0.0
992,05/27/2019,2019-05-27 19:49:07,0.0
993,05/27/2019,2019-05-27 19:56:06,0.0
994,05/27/2019,2019-05-27 20:00:14,0.0
995,05/27/2019,2019-05-27 20:07:06,0.0
996,05/27/2019,2019-05-27 20:14:08,0.0
997,05/27/2019,2019-05-27 20:21:07,0.0
998,05/27/2019,2019-05-27 20:27:08,0.0
999,05/27/2019,2019-05-27 20:35:07,0.0
1000,05/27/2019,2019-05-27 20:42:07,0.0
1001,05/27/2019,2019-05-27 20:49:12,0.0
1002,05/27/2019,2019-05-27 20:56:12,0.0
1003,05/27/2019,2019-05-27 21:00:11,0.0
